-- --------------------------------------------------------
-- Värd:                         127.0.0.1
-- Server version:               10.1.25-MariaDB - mariadb.org binary distribution
-- Server OS:                    Win32
-- HeidiSQL Version:             9.4.0.5125
-- --------------------------------------------------------

/*!40101 SET @OLD_CHARACTER_SET_CLIENT=@@CHARACTER_SET_CLIENT */;
/*!40101 SET NAMES utf8 */;
/*!50503 SET NAMES utf8mb4 */;
/*!40014 SET @OLD_FOREIGN_KEY_CHECKS=@@FOREIGN_KEY_CHECKS, FOREIGN_KEY_CHECKS=0 */;
/*!40101 SET @OLD_SQL_MODE=@@SQL_MODE, SQL_MODE='NO_AUTO_VALUE_ON_ZERO' */;


-- Dumping database structure for vklass2.0
CREATE DATABASE IF NOT EXISTS `vklass2.0` /*!40100 DEFAULT CHARACTER SET latin1 */;
USE `vklass2.0`;

-- Dumping structure for tabell vklass2.0.attendance
CREATE TABLE IF NOT EXISTS `attendance` (
  `id` int(11) NOT NULL AUTO_INCREMENT,
  `student` int(11) NOT NULL,
  `lesson` int(11) NOT NULL,
  `week` int(11) NOT NULL,
  `type` int(11) NOT NULL,
  PRIMARY KEY (`id`),
  KEY `FK_attendance_typeofattendance` (`type`),
  KEY `FK_attendance_lessons` (`lesson`),
  KEY `FK_attendance_students` (`student`),
  CONSTRAINT `FK_attendance_lessons` FOREIGN KEY (`lesson`) REFERENCES `lessons` (`id`),
  CONSTRAINT `FK_attendance_students` FOREIGN KEY (`student`) REFERENCES `students` (`id`),
  CONSTRAINT `FK_attendance_typeofattendance` FOREIGN KEY (`type`) REFERENCES `typeofattendance` (`id`)
) ENGINE=InnoDB AUTO_INCREMENT=11 DEFAULT CHARSET=latin1;

-- Dumpar data för tabell vklass2.0.attendance: ~2 rows (approximately)
/*!40000 ALTER TABLE `attendance` DISABLE KEYS */;
REPLACE INTO `attendance` (`id`, `student`, `lesson`, `week`, `type`) VALUES
	(2, 3, 15, 3, 1),
	(4, 3, 6, 3, 2),
	(5, 21, 5, 6, 1),
	(6, 3, 5, 6, 2),
	(7, 14, 5, 6, 1),
	(8, 18, 5, 6, 2),
	(9, 23, 5, 6, 1),
	(10, 1, 5, 6, 2);
/*!40000 ALTER TABLE `attendance` ENABLE KEYS */;

-- Dumping structure for tabell vklass2.0.cancelledlessons
CREATE TABLE IF NOT EXISTS `cancelledlessons` (
  `id` int(11) NOT NULL AUTO_INCREMENT,
  `lessonid` int(11) NOT NULL DEFAULT '0',
  `week` int(11) NOT NULL,
  `cancelledby` int(11) NOT NULL,
  PRIMARY KEY (`id`),
  KEY `FK_cancelledlessons_lessons` (`lessonid`),
  KEY `FK_cancelledlessons_students` (`cancelledby`),
  CONSTRAINT `FK_cancelledlessons_lessons` FOREIGN KEY (`lessonid`) REFERENCES `lessons` (`id`),
  CONSTRAINT `FK_cancelledlessons_students` FOREIGN KEY (`cancelledby`) REFERENCES `students` (`id`)
) ENGINE=InnoDB AUTO_INCREMENT=24 DEFAULT CHARSET=latin1;

-- Dumpar data för tabell vklass2.0.cancelledlessons: ~6 rows (approximately)
/*!40000 ALTER TABLE `cancelledlessons` DISABLE KEYS */;
REPLACE INTO `cancelledlessons` (`id`, `lessonid`, `week`, `cancelledby`) VALUES
	(14, 8, 6, 2),
	(19, 17, 6, 2),
	(20, 16, 6, 2),
	(23, 14, 6, 2);
/*!40000 ALTER TABLE `cancelledlessons` ENABLE KEYS */;

-- Dumping structure for tabell vklass2.0.classes
CREATE TABLE IF NOT EXISTS `classes` (
  `id` int(11) NOT NULL AUTO_INCREMENT,
  `name` text NOT NULL,
  `lessons` text NOT NULL,
  `courses` text NOT NULL,
  PRIMARY KEY (`id`),
  UNIQUE KEY `name` (`name`(100))
) ENGINE=InnoDB AUTO_INCREMENT=2 DEFAULT CHARSET=latin1;

-- Dumpar data för tabell vklass2.0.classes: ~0 rows (approximately)
/*!40000 ALTER TABLE `classes` DISABLE KEYS */;
REPLACE INTO `classes` (`id`, `name`, `lessons`, `courses`) VALUES
	(1, 'TE417', '[1,2,3,4,5,6,7,8,9,10,11,12,13,14,15,16,17,18,19,20]', '[1,2,3,4,5,6,7,8,9]');
/*!40000 ALTER TABLE `classes` ENABLE KEYS */;

-- Dumping structure for tabell vklass2.0.courses
CREATE TABLE IF NOT EXISTS `courses` (
  `id` int(11) NOT NULL AUTO_INCREMENT,
  `name` text NOT NULL,
  `shortName` text NOT NULL,
  `teacher` int(11) NOT NULL,
  PRIMARY KEY (`id`),
  KEY `FK_courses_students` (`teacher`),
  CONSTRAINT `FK_courses_students` FOREIGN KEY (`teacher`) REFERENCES `students` (`id`)
) ENGINE=InnoDB AUTO_INCREMENT=10 DEFAULT CHARSET=latin1;

-- Dumpar data för tabell vklass2.0.courses: ~7 rows (approximately)
/*!40000 ALTER TABLE `courses` DISABLE KEYS */;
REPLACE INTO `courses` (`id`, `name`, `shortName`, `teacher`) VALUES
	(1, 'Datalagring', 'Data', 5),
	(2, 'Examensarbete VI', 'Ex Arbete', 6),
	(3, 'Gränssnittsdesign', 'Gräs', 6),
	(4, 'Gymnasieingenjören i praktiken', 'Gymn Ingen', 9),
	(5, 'Mentorstid', 'Mentorstid', 6),
	(6, 'Mjukvarudesign', 'Mjukdesign', 5),
	(7, 'Mobila applikationer', 'Mob App', 5),
	(8, 'Programmering 2', 'Prog 2', 7),
	(9, 'Webbutveckling 2', 'Webb 2', 8);
/*!40000 ALTER TABLE `courses` ENABLE KEYS */;

-- Dumping structure for tabell vklass2.0.days
CREATE TABLE IF NOT EXISTS `days` (
  `id` int(11) NOT NULL AUTO_INCREMENT,
  PRIMARY KEY (`id`)
) ENGINE=InnoDB AUTO_INCREMENT=6 DEFAULT CHARSET=latin1;

-- Dumpar data för tabell vklass2.0.days: ~5 rows (approximately)
/*!40000 ALTER TABLE `days` DISABLE KEYS */;
REPLACE INTO `days` (`id`) VALUES
	(1),
	(2),
	(3),
	(4),
	(5);
/*!40000 ALTER TABLE `days` ENABLE KEYS */;

-- Dumping structure for tabell vklass2.0.lessons
CREATE TABLE IF NOT EXISTS `lessons` (
  `id` int(11) NOT NULL AUTO_INCREMENT,
  `course` int(11) NOT NULL,
  `room` int(11) NOT NULL,
  `day` int(11) NOT NULL,
  `startTime` time NOT NULL DEFAULT '00:00:00',
  `endTime` time NOT NULL DEFAULT '00:00:00',
  `class` int(11) NOT NULL,
  PRIMARY KEY (`id`),
  KEY `FK_lession_courses` (`course`),
  KEY `FK_lession_rooms` (`room`),
  KEY `FK_lessons_days` (`day`),
  KEY `FK_lessons_classes` (`class`),
  CONSTRAINT `FK_lession_courses` FOREIGN KEY (`course`) REFERENCES `courses` (`id`),
  CONSTRAINT `FK_lession_rooms` FOREIGN KEY (`room`) REFERENCES `rooms` (`id`),
  CONSTRAINT `FK_lessons_classes` FOREIGN KEY (`class`) REFERENCES `classes` (`id`),
  CONSTRAINT `FK_lessons_days` FOREIGN KEY (`day`) REFERENCES `days` (`id`)
) ENGINE=InnoDB AUTO_INCREMENT=21 DEFAULT CHARSET=latin1;

-- Dumpar data för tabell vklass2.0.lessons: ~18 rows (approximately)
/*!40000 ALTER TABLE `lessons` DISABLE KEYS */;
REPLACE INTO `lessons` (`id`, `course`, `room`, `day`, `startTime`, `endTime`, `class`) VALUES
	(1, 8, 1, 1, '08:20:00', '09:20:00', 1),
	(2, 4, 1, 1, '10:00:00', '10:55:00', 1),
	(3, 7, 1, 1, '11:05:00', '12:00:00', 1),
	(5, 6, 1, 1, '12:40:00', '13:35:00', 1),
	(6, 9, 1, 1, '14:00:00', '14:55:00', 1),
	(7, 2, 1, 2, '09:40:00', '10:35:00', 1),
	(8, 7, 1, 2, '11:15:00', '12:15:00', 1),
	(9, 5, 1, 2, '13:00:00', '13:30:00', 1),
	(10, 3, 1, 2, '13:40:00', '14:40:00', 1),
	(11, 1, 1, 2, '14:50:00', '15:45:00', 1),
	(12, 6, 1, 3, '08:20:00', '09:20:00', 1),
	(14, 2, 1, 3, '09:30:00', '10:30:00', 1),
	(15, 3, 1, 3, '10:40:00', '11:35:00', 1),
	(16, 1, 1, 4, '08:20:00', '09:20:00', 1),
	(17, 4, 1, 4, '11:45:00', '12:45:00', 1),
	(18, 4, 1, 5, '08:20:00', '09:15:00', 1),
	(19, 8, 1, 5, '11:10:00', '12:05:00', 1),
	(20, 9, 1, 5, '13:25:00', '14:25:00', 1);
/*!40000 ALTER TABLE `lessons` ENABLE KEYS */;

-- Dumping structure for tabell vklass2.0.news
CREATE TABLE IF NOT EXISTS `news` (
  `id` int(11) NOT NULL AUTO_INCREMENT,
  `dateTime` datetime NOT NULL DEFAULT CURRENT_TIMESTAMP,
  `uploader` int(11) NOT NULL,
  `title` text NOT NULL,
  `text` text NOT NULL,
  PRIMARY KEY (`id`),
  KEY `FK_news_students` (`uploader`),
  CONSTRAINT `FK_news_students` FOREIGN KEY (`uploader`) REFERENCES `students` (`id`)
) ENGINE=InnoDB AUTO_INCREMENT=17 DEFAULT CHARSET=latin1;

-- Dumpar data för tabell vklass2.0.news: ~16 rows (approximately)
/*!40000 ALTER TABLE `news` DISABLE KEYS */;
REPLACE INTO `news` (`id`, `dateTime`, `uploader`, `title`, `text`) VALUES
	(1, '2017-10-26 11:11:42', 3, 'Initial Commit', 'Av: Andreas Blomqvist'),
	(2, '2017-11-10 11:24:02', 2, 'Fonter', 'Av: Axel Hedvall'),
	(3, '2017-11-10 11:37:13', 2, 'Fixade brutna konts', 'Av: Axel Hedvall'),
	(4, '2017-11-13 11:38:14', 3, 'Tog bort index.php', 'Av: Andreas Blomqvist'),
	(5, '2017-11-17 11:42:39', 2, 'lade till schema', 'Av: Axel Hedvall'),
	(6, '2017-12-08 11:44:18', 2, 'schema.php', 'Av: Axel Hedvall'),
	(7, '2017-12-11 11:46:42', 2, 'schema.php klart', 'Av: Axel Hedvall'),
	(8, '2017-12-11 11:47:38', 3, 'Tog bort scripts.js', 'Av: Andreas Blomqvist'),
	(9, '2017-12-11 11:49:08', 2, 'Lade till courses.php', 'Av: Axel hedvall'),
	(10, '2017-12-11 11:50:10', 3, 'Ändrade filnamn', 'Av: Andreas Blomqvist'),
	(11, '2017-12-11 11:50:36', 2, 'Började på courses.php', 'Av: Axel Hedvall'),
	(12, '2017-12-11 11:52:20', 3, 'Nya animationer', 'Av: Andreas Blomqvist'),
	(13, '2017-12-13 11:55:01', 2, 'Fixade länkar', 'Av: Axel Hedvall'),
	(14, '2017-12-13 11:55:31', 2, 'Lade till nyheter-sida', 'Av: Axel Hedvall'),
	(15, '2017-12-15 11:57:02', 3, 'Raderade scripts.js', 'Nu så raderade Andreas scripts.js'),
	(16, '2017-12-15 11:58:56', 3, 'Fixade animationer', 'Andreas fixade lite animationer och sånt');
/*!40000 ALTER TABLE `news` ENABLE KEYS */;

-- Dumping structure for tabell vklass2.0.rooms
CREATE TABLE IF NOT EXISTS `rooms` (
  `id` int(11) NOT NULL AUTO_INCREMENT,
  `name` text NOT NULL,
  PRIMARY KEY (`id`),
  UNIQUE KEY `name` (`name`(100))
) ENGINE=InnoDB AUTO_INCREMENT=2 DEFAULT CHARSET=latin1;

-- Dumpar data för tabell vklass2.0.rooms: ~0 rows (approximately)
/*!40000 ALTER TABLE `rooms` DISABLE KEYS */;
REPLACE INTO `rooms` (`id`, `name`) VALUES
	(1, '3612');
/*!40000 ALTER TABLE `rooms` ENABLE KEYS */;

-- Dumping structure for tabell vklass2.0.students
CREATE TABLE IF NOT EXISTS `students` (
  `id` int(11) NOT NULL AUTO_INCREMENT,
  `namn` text NOT NULL,
  `email` text NOT NULL,
  `password` text NOT NULL,
  `class` int(11) NOT NULL,
  `fullname` text NOT NULL,
  `type` int(11) NOT NULL,
  PRIMARY KEY (`id`),
  UNIQUE KEY `name` (`namn`(100)),
  KEY `FK__classes` (`class`),
  KEY `type` (`type`),
  CONSTRAINT `FK_students_classes` FOREIGN KEY (`class`) REFERENCES `classes` (`id`),
  CONSTRAINT `FK_students_usertypes` FOREIGN KEY (`type`) REFERENCES `usertypes` (`id`)
) ENGINE=InnoDB AUTO_INCREMENT=13 DEFAULT CHARSET=latin1 COMMENT='studenter';

-- Dumpar data för tabell vklass2.0.students: ~9 rows (approximately)
/*!40000 ALTER TABLE `students` DISABLE KEYS */;
REPLACE INTO `students` (`id`, `namn`, `email`, `password`, `class`, `fullname`, `type`) VALUES
	(1, 'jesperholm98', 'jesper.holm@skola.taby.se', '$2y$12$c.4ex6SbYugUP01SYWZ5qug7EwUjHNoEi1E9n3rVWk1kEMjJlvkhG', 1, 'Jesper Holm', 1),
	(2, 'axelhedvall98', 'axel.hedvall@skola.taby.se', '$2y$12$7xmmjeW45fSyJU.4ytYOM.W75C0I5mhx7r4Wf0vgMQvYQHmrTQ4Ue', 1, 'Axel Hedvall', 2),
	(3, 'andreasblomqvist98', 'andreas.blomqvist@skola.taby.se', '$2y$12$ZNhl0AyniJIoZpmCcPByTu1WosA9X9f9Da9QxRUCQda/u9mwWNWCS', 1, 'Andreas Blomqvist', 1),
	(4, 'a', 'a', '$2y$12$omdMtWJNMYFHXqTUoRYvoOSOaZO0b3FbPbrEpTl/IBPVL/VTweC1e', 1, 'a', 2),
	(5, 'KhaAri', '', '$2y$12$omdMtWJNMYFHXqTUoRYvoOSOaZO0b3FbPbrEpTl/IBPVL/VTweC1e', 1, 'Arif Khalifa', 2),
	(6, 'LarBjo', '', '', 1, 'Björn Larsson', 2),
	(7, 'KorGos', '', '', 1, 'Gösta Körlof', 2),
	(8, 'RosHol', '', '', 1, 'Holger Rosencrantz', 2),
	(9, 'NorNil', '', '', 1, 'Nils Norberg', 2),
	(14, 'arvid', '', '', 1, 'Arvid Kask', 1),
	(16, 'albin', '', '', 1, 'Albin Bonde', 1),
	(17, 'anton', '', '', 1, 'Anton Ström', 1),
	(18, 'axel', '', '', 1, 'Axel Grönberg', 1),
	(21, 'alexander', '', '', 1, 'Alexander Uppström', 1),
	(23, 'Jacob', '', '', 1, 'Jacob Van Berlo', 1);
/*!40000 ALTER TABLE `students` ENABLE KEYS */;

-- Dumping structure for tabell vklass2.0.typeofattendance
CREATE TABLE IF NOT EXISTS `typeofattendance` (
  `id` int(11) NOT NULL,
  `name` text NOT NULL,
  PRIMARY KEY (`id`),
  UNIQUE KEY `name` (`name`(100))
) ENGINE=InnoDB DEFAULT CHARSET=latin1;

-- Dumpar data för tabell vklass2.0.typeofattendance: ~2 rows (approximately)
/*!40000 ALTER TABLE `typeofattendance` DISABLE KEYS */;
REPLACE INTO `typeofattendance` (`id`, `name`) VALUES
	(1, 'invalid absence'),
	(2, 'valid absence');
/*!40000 ALTER TABLE `typeofattendance` ENABLE KEYS */;

-- Dumping structure for tabell vklass2.0.usertypes
CREATE TABLE IF NOT EXISTS `usertypes` (
  `id` int(11) NOT NULL AUTO_INCREMENT,
  `name` text NOT NULL,
  PRIMARY KEY (`id`),
  UNIQUE KEY `name` (`name`(100))
) ENGINE=InnoDB AUTO_INCREMENT=4 DEFAULT CHARSET=latin1;

-- Dumpar data för tabell vklass2.0.usertypes: ~3 rows (approximately)
/*!40000 ALTER TABLE `usertypes` DISABLE KEYS */;
REPLACE INTO `usertypes` (`id`, `name`) VALUES
	(1, 'student'),
	(2, 'teatcher'),
	(3, 'guardian');
/*!40000 ALTER TABLE `usertypes` ENABLE KEYS */;

/*!40101 SET SQL_MODE=IFNULL(@OLD_SQL_MODE, '') */;
/*!40014 SET FOREIGN_KEY_CHECKS=IF(@OLD_FOREIGN_KEY_CHECKS IS NULL, 1, @OLD_FOREIGN_KEY_CHECKS) */;
/*!40101 SET CHARACTER_SET_CLIENT=@OLD_CHARACTER_SET_CLIENT */;
